{
  "status": "FAILED",
  "overall": 0.7408637873754153,
  "train_overall": 0.7560029553010713,
  "per_field": {
    "schemaVersion": 1.0,
    "gameId": 1.0,
    "seed": 1.0,
    "status": 1.0,
    "is_actionable": 1.0,
    "terminal.isTerminal": 1.0,
    "terminal.outcome": 1.0,
    "terminal.reason": 1.0,
    "game_state.score": 0.5833333333333334,
    "game_state.level": 0.6666666666666666,
    "game_state.player": 1.0,
    "game_state.environment[0][0]": 0.5666666666666667,
    "game_state.environment[0][1]": 0.65,
    "game_state.environment[0][2]": 0.4666666666666667,
    "game_state.environment[0][3]": 0.3333333333333333,
    "game_state.environment[1][0]": 0.7833333333333333,
    "game_state.environment[1][1]": 0.9333333333333333,
    "game_state.environment[1][2]": 0.9166666666666666,
    "game_state.environment[1][3]": 0.6333333333333333,
    "game_state.environment[2][0]": 0.6833333333333333,
    "game_state.environment[2][1]": 0.9,
    "game_state.environment[2][2]": 0.85,
    "game_state.environment[2][3]": 0.6333333333333333,
    "game_state.environment[3][0]": 0.6166666666666667,
    "game_state.environment[3][1]": 0.75,
    "game_state.environment[3][2]": 0.6833333333333333,
    "game_state.environment[3][3]": 0.6833333333333333,
    "game_state.completion_progress": 0.6666666666666666,
    "game_state.entities[0].type": 1.0,
    "game_state.entities[0].x": 0.2833333333333333,
    "game_state.entities[0].y": 0.38333333333333336,
    "game_state.entities[0].props.value": 0.7666666666666667,
    "game_state.entities[1].type": 0.9166666666666666,
    "game_state.entities[1].x": 0.21666666666666667,
    "game_state.entities[1].y": 0.26666666666666666,
    "game_state.entities[1].props.value": 0.5,
    "game_state.entities[2].type": 0.46153846153846156,
    "game_state.entities[2].x": 0.1282051282051282,
    "game_state.entities[2].y": 0.02564102564102564,
    "game_state.entities[2].props.value": 0.1282051282051282,
    "metrics.primary_score": 0.5833333333333334,
    "metrics.best_score": 1.0,
    "metrics.max_tile": 0.6666666666666666,
    "metrics.filled_cells": 0.5,
    "metrics.total_cells": 1.0,
    "metrics.board_fill_ratio": 0.5,
    "metrics.moves_available": 1.0,
    "debug.manager_ready": 1.0,
    "debug.running": 1.0,
    "debug.over": 1.0,
    "debug.won": 1.0,
    "debug.size": 1.0,
    "debug.current_seed": 1.0,
    "debug.last_reset_method": 1.0,
    "debug.requested_level": 1.0,
    "debug.requested_difficulty": 1.0,
    "game_state.entities[3].type": 0.4444444444444444,
    "game_state.entities[3].x": 0.05555555555555555,
    "game_state.entities[3].y": 0.16666666666666666,
    "game_state.entities[3].props.value": 0.2222222222222222,
    "game_state.entities[4].type": 0.3333333333333333,
    "game_state.entities[4].x": 0.0,
    "game_state.entities[4].y": 0.3333333333333333,
    "game_state.entities[4].props.value": 0.3333333333333333
  },
  "n_cases": 60,
  "iterations": 4,
  "threshold": 0.9,
  "train_size": 180,
  "holdout_size": 60
}
