{
  "status": "FAILED",
  "overall": 0.7473583093179635,
  "train_overall": 0.7571260809223871,
  "per_field": {
    "schemaVersion": 1.0,
    "gameId": 1.0,
    "seed": 1.0,
    "status": 1.0,
    "is_actionable": 1.0,
    "terminal.isTerminal": 1.0,
    "terminal.outcome": 1.0,
    "terminal.reason": 1.0,
    "game_state.score": 0.48333333333333334,
    "game_state.level": 0.5166666666666667,
    "game_state.player": 1.0,
    "game_state.environment[0][0]": 0.5666666666666667,
    "game_state.environment[0][1]": 0.65,
    "game_state.environment[0][2]": 0.4666666666666667,
    "game_state.environment[0][3]": 0.3333333333333333,
    "game_state.environment[1][0]": 0.7833333333333333,
    "game_state.environment[1][1]": 0.9333333333333333,
    "game_state.environment[1][2]": 0.9166666666666666,
    "game_state.environment[1][3]": 0.6333333333333333,
    "game_state.environment[2][0]": 0.6833333333333333,
    "game_state.environment[2][1]": 0.9,
    "game_state.environment[2][2]": 0.85,
    "game_state.environment[2][3]": 0.6333333333333333,
    "game_state.environment[3][0]": 0.6166666666666667,
    "game_state.environment[3][1]": 0.75,
    "game_state.environment[3][2]": 0.6833333333333333,
    "game_state.environment[3][3]": 0.6833333333333333,
    "game_state.completion_progress": 0.5833333333333334,
    "game_state.entities": 0.09836065573770492,
    "metrics.primary_score": 0.48333333333333334,
    "metrics.best_score": 1.0,
    "metrics.max_tile": 0.5833333333333334,
    "metrics.filled_cells": 0.3,
    "metrics.total_cells": 1.0,
    "metrics.board_fill_ratio": 0.3,
    "metrics.moves_available": 1.0,
    "debug.manager_ready": 1.0,
    "debug.running": 1.0,
    "debug.over": 1.0,
    "debug.won": 1.0,
    "debug.size": 1.0,
    "debug.current_seed": 1.0,
    "debug.last_reset_method": 1.0,
    "debug.requested_level": 1.0,
    "debug.requested_difficulty": 1.0
  },
  "n_cases": 60,
  "iterations": 4,
  "threshold": 0.9,
  "train_size": 180,
  "holdout_size": 60
}
