{
  "status": "FAILED",
  "overall": 0.790282392026578,
  "train_overall": 0.796389751552795,
  "primary_accuracy": 0.27906976744186046,
  "train_primary_accuracy": 0.42391304347826086,
  "overall_floor": 0.75,
  "per_field": {
    "schemaVersion": 1.0,
    "gameId": 1.0,
    "seed": 1.0,
    "status": 0.9767441860465116,
    "is_actionable": 0.9767441860465116,
    "terminal.isTerminal": 0.9767441860465116,
    "terminal.outcome": 0.9767441860465116,
    "terminal.reason": 0.9767441860465116,
    "game_state.score": 0.27906976744186046,
    "game_state.level": 1.0,
    "game_state.player.x": 0.7906976744186046,
    "game_state.player.y": 0.7674418604651163,
    "game_state.player.direction": 0.8604651162790697,
    "game_state.player.vy": 0.813953488372093,
    "game_state.player.alive": 0.9767441860465116,
    "game_state.player.stage_x": 0.023255813953488372,
    "game_state.player.stage_y": 0.813953488372093,
    "game_state.environment.camera.scroll_x": 0.20930232558139536,
    "game_state.environment.camera.scroll_y": 0.9767441860465116,
    "game_state.environment.menu_overlay.visible": 1.0,
    "game_state.environment.menu_overlay.clones": 1.0,
    "game_state.environment.startup_loading": 1.0,
    "game_state.completion_progress": 1.0,
    "game_state.mode": 1.0,
    "game_state.player_die": 0.9767441860465116,
    "metrics.primary_score": 0.27906976744186046,
    "metrics.attempts": 1.0,
    "metrics.distance": 0.20930232558139536,
    "metrics.points": 0.9767441860465116,
    "metrics.stars": 1.0,
    "metrics.clones_level": 1.0,
    "metrics.best_score": 0.9767441860465116,
    "metrics.deaths": 0.9767441860465116,
    "debug.scroll_y": 0.9767441860465116,
    "debug.player_x": 0.023255813953488372,
    "debug.player_y": 0.813953488372093,
    "debug.ending": 1.0,
    "debug.menu_visible": 1.0,
    "debug.menu_clones": 1.0,
    "debug.last_reset_method": 1.0
  },
  "n_cases": 43,
  "iterations": 3,
  "threshold": 0.9,
  "train_size": 92,
  "holdout_size": 43,
  "mean_rollout_score": 15.0,
  "scoring_rollouts_frac": 1.0,
  "planning_grade": true
}
