{
  "status": "FAILED",
  "overall": 0.801318549595445,
  "train_overall": 0.787383877734492,
  "primary_accuracy": 0.06382978723404255,
  "train_primary_accuracy": 0.10638297872340426,
  "overall_floor": 0.75,
  "per_field": {
    "schemaVersion": 1.0,
    "gameId": 1.0,
    "seed": 1.0,
    "status": 0.9574468085106383,
    "is_actionable": 0.9574468085106383,
    "terminal.isTerminal": 0.9574468085106383,
    "terminal.outcome": 0.9574468085106383,
    "terminal.reason": 0.9574468085106383,
    "game_state.score": 0.06382978723404255,
    "game_state.level": 1.0,
    "game_state.player.x": 1.0,
    "game_state.player.y": 1.0,
    "game_state.player.z": 1.0,
    "game_state.player.state": 0.9574468085106383,
    "game_state.player.visible": 0.9574468085106383,
    "game_state.player.roll_angle": 0.3617021276595745,
    "game_state.player.speed_side": 0.3617021276595745,
    "game_state.player.speed_forward": 1.0,
    "game_state.environment.phase": 1.0,
    "game_state.environment.cubes_alive": 0.2127659574468085,
    "game_state.environment.nearest_cube.x": 0.7446808510638298,
    "game_state.environment.nearest_cube.y": 1.0,
    "game_state.environment.nearest_cube.z": 0.6595744680851063,
    "game_state.environment.generate_active": 0.9574468085106383,
    "game_state.environment.move_active": 0.9574468085106383,
    "game_state.completion_progress": 1.0,
    "game_state.entities": 0.8315602836879432,
    "metrics.primary_score": 0.06382978723404255,
    "metrics.distance": 0.06382978723404255,
    "metrics.attempts": 1.0,
    "metrics.speed_forward": 1.0,
    "metrics.speed_side": 0.3617021276595745,
    "metrics.cubes_alive": 0.2127659574468085,
    "metrics.high_score": 1.0,
    "debug.playing": 0.9574468085106383,
    "debug.paused": 1.0,
    "debug.generate": 0.9574468085106383,
    "debug.move": 0.9574468085106383,
    "debug.game_over_blur": 0.9574468085106383,
    "debug.has_pool_to_reset": 0.9574468085106383,
    "debug.last_reset_method": 1.0
  },
  "n_cases": 47,
  "iterations": 3,
  "threshold": 0.9,
  "train_size": 94,
  "holdout_size": 47,
  "mean_rollout_score": 6000.0,
  "scoring_rollouts_frac": 1.0,
  "planning_grade": true
}
